<?xml version="1.0" encoding="UTF-8"?>
<beans xmlns="http://www.springframework.org/schema/beans"
       xmlns:xsi="http://www.w3.org/2001/XMLSchema-instance"
       xsi:schemaLocation="http://www.springframework.org/schema/beans http://www.springframework.org/schema/beans/spring-beans.xsd">
<bean id="userDao" class="com.itheima.jdk.UserDaoImpl"/>
    <bean id="myAspect" class="com.itheima.factorybean.MyAspect"/>
    <bean id="userDaoProxy"
          class="org.springframework.aop.framework.ProxyFactoryBean">
        <property name="proxyInterfaces"
                    value="com.itheima.jdk.UserDao"/>
        <property name="target" ref="userDao"/>
        <property name="interceptorNames" value="myAspect"/>
        <property name="proxyTargetClass" value="true" />
    </bean>
</beans>